,City,Cloudiness,Country,Date,Humidity,Lat,Lng,Max Temp,Wind Speed
0,Hobart,90,AU,1567627822,80,-42.88,147.33,45.0,3.36
1,Busselton,26,AU,1567628041,68,-33.64,115.35,37.0,10.16
2,Hermanus,65,ZA,1567628044,88,-34.42,19.24,57.99,21.5
3,Shepsi,0,RU,1567628252,73,44.04,39.15,75.29,13.06
4,Dikson,100,RU,1567628051,98,73.51,80.55,43.43,16.69
5,Rikitea,100,PF,1567628044,73,-23.12,-134.97,73.31,4.43
6,Cabedelo,75,BR,1567628252,78,-6.97,-34.84,78.8,10.29
7,Thompson,20,CA,1567628054,50,55.74,-97.86,51.8,2.24
8,Tenabo,40,MX,1567628252,50,20.04,-90.23,95.0,11.41
9,Nikolskoye,20,RU,1567628039,77,59.7,30.79,60.01,6.71
10,Mahebourg,75,MU,1567628066,83,-20.41,57.7,73.0,14.99
11,Komsomolskiy,33,RU,1567628252,88,67.55,63.78,47.21,7.43
12,Avarua,90,CK,1567628064,64,-21.21,-159.78,75.2,17.22
13,Yumen,0,CN,1567628252,32,40.29,97.04,70.43,9.84
14,Rawson,99,AR,1567628048,53,-43.3,-65.11,39.47,9.62
15,Segezha,0,RU,1567628253,84,63.74,34.31,49.73,5.91
16,Gayny,88,RU,1567628253,89,60.3,54.33,50.09,3.78
17,Ballina,20,IE,1567628253,87,54.11,-9.15,54.0,10.29
18,Kaitangata,100,NZ,1567628090,74,-46.28,169.85,50.0,7.0
19,Ushuaia,0,AR,1567628045,52,-54.81,-68.31,41.0,24.16
20,Longyearbyen,75,NO,1567628052,80,78.22,15.63,32.0,3.36
21,Lebu,75,ET,1567628046,82,8.96,38.73,62.6,2.24
22,Nyuksenitsa,2,RU,1567628253,95,60.41,44.24,49.55,5.68
23,Cape Town,0,ZA,1567627846,67,-33.93,18.42,60.01,23.04
24,Atuona,52,PF,1567628044,75,-9.8,-139.03,78.89,11.63
25,Talnakh,75,RU,1567628060,93,69.49,88.39,46.4,6.71
26,Bluff,29,AU,1567628077,29,-23.58,149.07,65.21,5.06
27,Marawi,100,PH,1567628111,89,8.0,124.29,75.99,5.01
28,Necochea,54,AR,1567628061,65,-38.55,-58.74,45.0,11.01
29,East London,100,ZA,1567628042,88,-33.02,27.91,56.21,3.89
30,Muros,20,ES,1567628101,87,42.77,-9.06,72.0,12.75
31,Canutama,84,BR,1567628116,43,-6.53,-64.38,93.47,2.42
32,Butaritari,93,KI,1567628047,73,3.07,172.79,82.85,3.0
33,Albany,20,US,1567628041,69,42.65,-73.75,80.01,11.41
34,Arlit,73,NE,1567628152,16,18.74,7.39,102.29,7.34
35,Punta Arenas,17,CL,1567628041,74,-53.16,-70.91,42.01,4.0
36,Namibe,71,AO,1567628050,83,-15.19,12.15,64.31,5.55
37,Hilo,90,US,1567628039,83,19.71,-155.08,78.01,9.17
38,Bartica,40,GY,1567628254,79,6.41,-58.62,86.0,6.93
39,Mar del Plata,0,AR,1567628062,38,-46.43,-67.52,38.93,6.26
40,Souillac,90,FR,1567628112,82,45.6,-0.6,68.0,11.41
41,Tuatapere,100,NZ,1567628078,96,-46.13,167.69,46.0,7.31
42,Swan River,100,CA,1567628255,68,52.11,-101.27,61.25,8.66
43,Cherskiy,0,RU,1567628068,45,68.75,161.3,47.39,5.06
44,Bambous Virieux,75,MU,1567628044,83,-20.34,57.76,73.0,14.99
45,Grindavik,75,IS,1567628103,100,63.84,-22.43,50.0,6.93
46,Harper,40,US,1567628095,30,30.3,-99.24,93.99,11.41
47,Antofagasta,81,CL,1567628196,80,-23.65,-70.4,54.23,9.17
48,Bredasdorp,41,ZA,1567628049,87,-34.53,20.04,55.0,1.12
49,Goderich,15,CA,1567628255,70,43.74,-81.71,66.0,16.64
50,Jamestown,0,AU,1567628041,70,-33.21,138.6,50.81,0.36
51,Kargil,0,PK,1567628255,58,34.56,76.13,48.11,8.32
52,Byron Bay,0,AU,1567628255,93,-28.65,153.62,55.0,1.72
53,Changde,55,CN,1567628256,82,29.04,111.68,70.79,3.36
54,Yeppoon,0,AU,1567628256,61,-23.13,150.74,48.2,1.12
55,Mataura,100,NZ,1567628047,96,-46.19,168.86,46.0,4.83
56,Vagur,0,FO,1567628256,70,61.47,-6.81,47.39,18.45
57,Nouakchott,0,MR,1567628256,37,18.08,-15.98,98.6,11.41
58,Saraland,40,US,1567628257,41,30.82,-88.07,98.6,9.17
59,Quatre Cocos,75,MU,1567628257,88,-20.21,57.76,73.0,10.67
60,Japura,67,ID,1567628257,82,-0.42,102.29,72.77,1.52
61,Sefophe,0,BW,1567628257,32,-22.18,27.97,62.87,7.18
62,Kodiak,1,US,1567628040,60,39.95,-94.76,79.0,8.05
63,Severo-Kurilsk,42,RU,1567628051,94,50.68,156.12,49.91,18.68
64,Vanderhoof,99,CA,1567628257,36,54.02,-124.02,68.99,8.52
65,Puerto Ayora,40,EC,1567628044,65,-0.74,-90.35,78.8,21.92
66,Bastrop,40,US,1567628257,34,32.78,-91.91,97.0,4.7
67,Vila Franca do Campo,20,PT,1567628070,68,37.72,-25.43,71.6,13.87
68,Masuguru,74,MZ,1567628115,61,-11.38,38.46,74.03,5.1
69,Gizo,20,IL,1567628083,65,31.8,34.94,80.6,5.82
70,Provideniya,90,RU,1567628052,87,64.42,-173.23,48.2,4.47
71,Haines Junction,0,CA,1567628258,45,60.75,-137.51,53.69,5.97
72,Elko,1,US,1567628151,20,40.83,-115.76,91.99,6.93
73,Merauke,73,ID,1567628258,81,-8.49,140.4,74.75,20.09
74,Chokurdakh,10,RU,1567628080,63,70.62,147.9,41.99,8.25
75,Ponta do Sol,26,BR,1567628081,33,-20.63,-46.0,79.25,2.55
76,Saskylakh,98,RU,1567628070,85,71.97,114.09,31.37,11.45
77,Yellowknife,20,CA,1567628058,50,62.45,-114.38,59.0,16.11
78,La Ronge,75,CA,1567628056,67,55.1,-105.3,62.6,9.17
79,Ust-Tarka,0,RU,1567628258,90,55.56,75.71,43.79,3.56
80,Clyde River,75,CA,1567628065,70,70.47,-68.59,44.6,10.29
81,Tortona,0,IT,1567628259,50,44.9,8.86,78.8,5.82
82,Nioro,84,GM,1567628259,70,13.79,-15.05,83.93,10.51
83,Huarmey,0,PE,1567628259,89,-10.07,-78.15,61.25,10.65
84,Castro,0,CL,1567628082,52,-42.48,-73.76,43.07,5.64
85,Abu Samrah,0,SY,1567628259,81,35.3,37.18,67.91,8.32
86,New Norfolk,90,AU,1567628070,80,-42.78,147.06,45.0,3.36
87,Port Elizabeth,1,US,1567628071,49,39.31,-74.98,93.0,13.87
88,Price,75,US,1567628260,32,39.6,-110.81,88.0,18.68
89,Waipawa,100,NZ,1567628260,96,-39.94,176.59,54.0,4.27
90,Dhidhdhoo,66,MV,1567628260,80,6.88,73.1,81.95,11.43
91,Bethel,90,US,1567628018,87,60.79,-161.76,51.8,23.04
92,Baykit,96,RU,1567628260,98,61.68,96.39,42.17,2.46
93,Tiznit,0,MA,1567628261,87,29.7,-9.73,67.19,2.8
94,Norman Wells,75,CA,1567628056,87,65.28,-126.83,51.8,4.7
95,Jinchang,89,CN,1567628261,44,38.52,102.19,63.23,0.78
96,Ahipara,51,NZ,1567628073,100,-35.17,173.16,57.0,21.34
97,Tilichiki,99,RU,1567628138,64,60.47,166.1,47.75,2.93
98,Chicama,0,PE,1567628261,72,-7.84,-79.15,68.0,9.17
99,Selenginsk,9,RU,1567628261,100,52.01,106.87,50.0,2.24
100,Perth,0,AU,1567628261,87,-31.95,115.86,46.99,5.82
101,Todos Santos,20,MX,1567628261,52,23.45,-110.23,93.99,10.29
102,Aleksandrov Gay,0,RU,1567628262,57,50.14,48.57,56.03,5.17
103,Vershino-Darasunskiy,67,RU,1567628262,96,52.35,115.52,48.65,2.24
104,Upernavik,79,GL,1567628041,90,72.79,-56.15,42.89,20.13
105,Saint George,20,GR,1567628038,41,39.45,22.34,75.2,3.36
106,Puerto Madryn,81,AR,1567628262,43,-42.77,-65.04,42.35,9.1
107,Qasigiannguit,75,GL,1567628126,75,68.82,-51.19,42.8,3.36
108,Port Blair,100,IN,1567628049,81,11.67,92.75,82.13,24.4
109,Ilulissat,75,GL,1567628076,75,69.22,-51.1,42.8,3.36
110,Qalyub,0,EG,1567628262,51,30.18,31.21,84.2,8.05
111,Touros,75,BR,1567628084,88,-5.2,-35.46,77.0,6.93
112,Barrow,99,AR,1567628039,63,-38.31,-60.23,42.53,7.99
113,Ancud,0,CL,1567628094,56,-41.87,-73.83,49.91,8.59
114,Richards Bay,46,ZA,1567628093,76,-28.77,32.06,69.71,14.9
115,Poum,0,MK,1567628119,53,41.28,20.71,58.19,3.67
116,Pochutla,40,MX,1567628263,55,15.74,-96.47,91.99,11.41
117,Leeuwarden,0,NL,1567628263,76,53.2,5.79,60.8,9.17
118,Hamilton,75,CA,1567627885,68,43.26,-79.87,71.01,11.41
119,Sinnamary,100,GF,1567628263,79,5.38,-52.96,82.13,20.67
120,Gotsu,100,JP,1567628263,79,35.01,132.22,78.53,5.91
121,Khorramshahr,0,IR,1567628263,30,30.43,48.18,93.2,9.17
122,Udachnyy,90,RU,1567628264,100,66.42,112.4,39.2,2.24
123,Kapaa,40,US,1567628051,66,22.08,-159.32,86.0,12.75
124,San Patricio,66,PY,1567628047,62,-26.98,-56.83,60.89,9.35
125,Humboldt,78,CA,1567628121,51,52.21,-105.12,72.05,14.2
126,Arraial do Cabo,75,BR,1567628040,94,-22.97,-42.02,71.6,11.41
127,Birao,100,CF,1567628264,97,10.3,22.78,72.41,6.44
128,Namuac,100,PH,1567628264,88,18.61,121.17,73.85,5.21
129,Vaini,100,IN,1567628047,92,15.34,74.49,75.29,5.99
130,Uige,100,AO,1567628264,69,-7.61,15.06,72.41,2.71
131,Maputo,20,MZ,1567628264,78,-25.97,32.57,73.4,13.87
132,Ganzhou,1,CN,1567628265,93,25.86,114.93,70.97,3.96
133,Amarante do Maranhao,18,BR,1567628265,40,-5.57,-46.74,89.51,4.45
134,Sola,0,TZ,1567628135,48,-3.17,33.8,71.69,1.88
135,Kindu,67,CD,1567628265,75,-2.95,25.92,75.29,0.87
136,Lanzhou,0,CN,1567628265,67,36.06,103.82,60.8,6.71
137,Talakan,92,RU,1567628265,99,50.29,130.28,63.41,5.97
138,Marzuq,1,YE,1567628266,16,14.4,46.47,82.31,3.4
139,Cabo San Lucas,20,MX,1567627921,52,22.89,-109.91,93.0,10.29
140,Kargasok,14,RU,1567628266,93,59.06,80.87,42.89,1.1
141,Carnarvon,65,ZA,1567628085,31,-30.97,22.13,54.95,15.99
142,Deputatskiy,90,RU,1567628098,85,69.3,139.9,38.21,2.51
143,Ures,0,MX,1567628266,43,30.73,-112.95,100.99,5.01
144,Katangli,80,RU,1567628266,89,51.71,143.23,58.73,12.15
145,Bafata,100,GW,1567628266,93,12.17,-14.67,75.29,9.57
146,Georgetown,40,GY,1567628042,79,6.8,-58.16,86.0,6.93
147,North Bend,40,US,1567628128,64,43.41,-124.22,75.99,13.87
148,Esperance,40,AU,1567628082,100,-33.86,121.89,42.8,8.05
149,Zhezkazgan,91,KZ,1567628267,60,47.8,67.71,54.41,12.77
150,Sorong,100,ID,1567628267,95,-0.86,131.25,73.13,6.24
151,Atar,70,MR,1567628267,20,20.52,-13.05,101.03,8.05
152,Waitati,100,NZ,1567628267,83,-45.75,170.57,48.99,18.01
153,Port Hardy,20,CA,1567628067,82,50.7,-127.42,59.0,5.82
154,Makakilo City,40,US,1567627948,66,21.35,-158.09,87.01,12.75
155,Fare,16,PF,1567628267,81,-16.7,-151.02,77.81,22.48
156,Skibbereen,40,IE,1567628268,71,51.55,-9.27,53.6,13.87
157,Bay Roberts,90,CA,1567628268,93,47.58,-53.28,68.0,11.41
158,Half Moon Bay,75,US,1567628268,87,37.46,-122.43,84.99,9.17
159,Laguna,75,BZ,1567628099,66,16.17,-88.94,91.4,6.93
160,Tuktoyaktuk,75,CA,1567628056,87,69.44,-133.03,48.2,8.05
161,Qaanaaq,30,GL,1567628066,49,77.48,-69.36,33.71,4.52
162,Bonavista,100,CA,1567628118,76,48.65,-53.11,59.0,1.01
163,Shahe,0,CN,1567628268,37,36.85,114.5,63.41,5.68
164,Hofn,20,IS,1567628106,62,64.25,-15.21,51.8,8.05
165,Faanui,27,PF,1567628055,81,-16.48,-151.75,77.99,21.32
166,Ayan,0,IR,1567628268,53,38.23,44.7,56.21,2.93
167,Aykhal,90,RU,1567628108,100,65.95,111.51,39.2,2.24
168,Lorengau,63,PG,1567628077,85,-2.02,147.27,79.25,9.42
169,Calvinia,69,ZA,1567628269,67,-31.47,19.78,54.23,12.15
170,Saint-Francois,0,FR,1567628110,37,46.42,3.91,69.8,4.7
171,Namangan,90,UZ,1567628269,52,41.0,71.67,69.8,9.17
172,Goya,0,AR,1567628269,47,-29.14,-59.27,58.19,9.93
173,Katherine,35,AU,1567628127,59,-14.47,132.26,64.4,2.24
174,Novita,100,CO,1567628269,78,4.96,-76.61,81.23,4.72
175,Hovd,0,NO,1567628103,66,63.83,10.7,55.4,10.29
176,Kazerun,0,IR,1567628270,21,29.62,51.65,75.65,0.89
177,Sorland,75,NO,1567628128,87,67.67,12.69,50.0,2.24
178,San Jeronimo,75,PE,1567628270,66,-13.65,-73.37,51.8,6.93
179,Yulara,0,AU,1567628062,13,-25.24,130.99,59.0,8.05
180,Magugu,0,TZ,1567628270,76,-4.02,35.77,55.13,8.01
181,Geraldton,40,CA,1567628067,45,49.72,-86.95,62.6,12.75
182,Panaba,60,MX,1567628270,69,21.28,-88.27,86.63,10.11
183,Benguela,100,AO,1567628271,87,-12.58,13.4,69.17,7.52
184,Placido de Castro,99,BR,1567628271,88,-10.34,-67.19,75.65,9.13
185,Jaisalmer,51,IN,1567628271,51,26.91,70.91,93.11,11.9
186,Palafrugell,0,ES,1567628271,78,41.92,3.16,77.0,2.24
187,Banda Aceh,100,ID,1567628271,83,5.56,95.32,82.49,17.81
188,Porto-Vecchio,0,FR,1567628272,78,41.59,9.28,73.4,4.7
189,Mount Isa,9,AU,1567628079,43,-20.73,139.49,51.8,9.73
190,Moranbah,0,AU,1567628272,28,-22.0,148.04,61.07,8.19
191,Usinsk,0,RU,1567628272,81,66.0,57.56,49.19,10.47
192,Sosnovo-Ozerskoye,0,RU,1567628130,94,52.53,111.54,49.01,1.72
193,Hithadhoo,10,MV,1567628055,80,-0.6,73.08,82.67,15.82
194,Umm Kaddadah,44,SD,1567628272,50,13.6,26.69,86.99,21.74
195,Port Lincoln,0,AU,1567628066,67,-34.72,135.86,57.11,21.72
196,Poya,44,NC,1567628272,62,-21.35,165.16,68.45,11.27
197,Susangerd,0,IR,1567628273,19,31.56,48.19,95.0,9.17
198,Port-Gentil,40,GA,1567628273,88,-0.72,8.78,77.0,12.75
199,Booue,97,GA,1567628273,90,-0.09,11.94,74.75,2.59
200,Khandagayty,100,MN,1567628273,95,50.73,92.07,40.91,3.4
201,Banting,75,MY,1567628273,88,2.82,101.5,80.6,6.38
202,Vao,58,EE,1567628273,96,59.1,26.19,51.89,6.8
203,Acapulco,20,MX,1567628054,74,16.86,-99.88,86.0,8.05
204,Araouane,0,ML,1567628274,25,18.9,-3.53,97.43,8.03
205,Saint Paul,1,US,1567628193,49,44.95,-93.1,72.0,4.7
206,Constitucion,75,MX,1567628071,43,23.99,-104.67,73.0,6.93
207,Dali,28,CN,1567628274,70,34.79,109.94,67.37,2.51
208,Rosario,75,UY,1567628274,55,-34.31,-57.35,46.99,1.01
209,Narsaq,75,GL,1567628055,71,60.91,-46.05,51.8,8.05
210,Halifax,20,CA,1567628098,73,44.65,-63.58,73.99,11.41
211,Timizart,0,DZ,1567628274,71,36.8,4.25,76.19,9.51
212,Husavik,67,CA,1567628095,39,50.56,-96.99,75.0,8.99
213,Manacapuru,40,BR,1567628092,59,-3.3,-60.62,91.4,6.93
214,Tulsipur,5,IN,1567628275,79,27.53,82.41,81.05,7.05
215,Manicore,86,BR,1567628175,33,-5.81,-61.3,96.89,0.72
216,Glomfjord,40,NO,1567628275,81,66.82,13.94,48.2,10.29
217,Ardakan,0,IR,1567628275,23,32.31,54.02,84.2,11.41
218,Kahului,20,US,1567627920,58,20.89,-156.47,86.0,16.11
219,Anda,23,CN,1567628275,80,46.41,125.33,65.93,9.6
220,Fallon,1,US,1567628275,33,46.84,-105.12,91.99,4.7
221,Concepcion del Oro,100,MX,1567628275,90,24.63,-101.42,57.65,15.48
222,Gorontalo,70,ID,1567628131,91,0.54,123.06,67.55,2.08
223,Fairbanks,90,US,1567628237,76,64.84,-147.72,57.99,3.36
224,Harindanga,40,IN,1567628276,94,22.04,88.32,80.6,5.82
225,Lapi,8,EE,1567628276,93,57.91,26.99,55.4,2.24
226,Chapais,90,CA,1567628276,93,49.78,-74.86,48.2,9.17
227,Aswan,0,EG,1567628276,20,24.09,32.9,93.2,4.7
228,Jawhar,100,IN,1567628277,98,19.91,73.23,74.75,5.61
229,Yamada,40,JP,1567628277,94,36.58,137.08,78.01,1.12
230,Maltahohe,100,NA,1567628277,21,-24.83,16.98,60.35,8.59
231,Buckeye,0,US,1567628101,26,33.37,-112.58,111.0,6.93
232,Teahupoo,40,PF,1567628277,74,-17.83,-149.27,82.0,2.24
233,Tasiilaq,75,GL,1567628079,59,65.61,-37.64,44.6,20.8
234,Lafiagi,100,NG,1567628277,81,8.85,5.42,77.09,1.3
235,Pisco,40,PE,1567628067,30,-13.71,-76.2,71.6,9.17
236,Port Moresby,40,PG,1567628096,83,-9.47,147.16,69.8,3.36
237,Caraquet,75,CA,1567628277,68,47.79,-64.94,69.8,6.93
238,Codrington,0,AU,1567628124,93,-28.95,153.24,50.0,9.17
239,Elk City,1,US,1567628278,35,35.41,-99.4,95.0,3.36
240,Los Llanos de Aridane,0,ES,1567628133,64,28.66,-17.92,75.2,9.17
241,Les Cayes,1,HT,1567628278,76,18.19,-73.75,84.83,15.68
242,Lompoc,40,US,1567628045,82,34.64,-120.46,99.0,8.05
243,Effium,100,NG,1567628278,92,6.63,8.06,76.19,9.48
244,Matamoros,75,US,1567628278,83,25.87,-97.51,86.0,20.8
245,Mahibadhoo,96,MV,1567628278,78,3.78,72.97,82.67,8.7
246,Vestmannaeyjar,100,IS,1567628113,90,63.44,-20.27,51.71,14.38
247,Tessalit,14,ML,1567628108,16,20.2,1.01,99.77,4.85
248,Vikhorevka,100,RU,1567628279,87,56.12,101.17,53.6,4.47
249,Maryville,1,US,1567628101,46,35.76,-83.97,95.0,5.82
250,Ardesen,20,TR,1567628279,88,41.19,40.99,69.8,6.93
251,Strezhevoy,0,RU,1567628279,100,60.73,77.6,46.4,4.47
252,Snasa,0,NO,1567628279,87,64.25,12.38,51.8,1.12
253,Vestmanna,0,FO,1567628084,75,62.16,-7.17,44.6,14.99
254,Leningradskiy,100,RU,1567628091,91,69.38,178.42,37.85,11.18
255,Willowmore,67,ZA,1567628280,80,-33.3,23.49,50.09,6.24
256,Coihaique,0,CL,1567628060,78,-45.58,-72.07,36.05,6.22
257,Labuhan,92,ID,1567628280,89,-2.54,115.51,69.89,1.28
258,Polyarnyy,75,RU,1567628280,71,69.2,33.45,53.6,4.47
259,Buala,49,SB,1567628280,84,-8.15,159.59,79.25,11.36
260,Imbituba,75,BR,1567628032,72,-28.24,-48.67,59.0,10.29
261,Hailar,95,CN,1567628117,96,49.2,119.7,58.73,7.92
262,Khalkhal,2,IR,1567628280,85,37.62,48.53,52.07,3.83
263,Carlsbad,0,CZ,1567628281,48,50.23,12.87,64.99,4.7
264,Westport,75,US,1567628259,78,41.14,-73.36,86.0,8.05
265,Quelimane,0,MZ,1567628281,73,-17.88,36.89,71.6,4.7
266,Vanimo,100,PG,1567628281,77,-2.67,141.3,80.33,11.27
267,Saint-Philippe,90,CA,1567628061,60,45.36,-73.48,73.99,25.28
268,Sonoita,1,US,1567628281,19,31.68,-110.66,105.01,19.46
269,Luderitz,34,NA,1567627998,82,-26.65,15.16,57.2,25.28
270,Wanxian,100,CN,1567628282,78,30.8,108.39,69.89,3.78
271,Kano,75,NG,1567628282,94,11.99,8.53,71.6,13.87
272,Milkovo,75,BG,1567628069,50,41.53,24.68,80.01,10.29
273,Hambantota,100,LK,1567627997,81,6.12,81.12,81.59,15.52
274,Zapolyarnyy,0,RU,1567628064,54,69.43,30.82,55.4,26.4
275,Dashitou,94,CN,1567628282,97,43.3,128.5,55.13,6.29
276,Magistralnyy,100,RU,1567628282,89,56.17,107.45,48.47,2.75
277,Saint-Joseph,0,FR,1567628105,64,43.56,6.97,78.8,2.24
278,Grand Gaube,75,MU,1567628051,83,-20.01,57.66,73.0,14.99
279,Gao,100,ML,1567628283,57,16.28,-0.04,83.75,18.84
280,Alvinopolis,18,BR,1567628283,55,-20.11,-43.05,71.51,3.06
281,Rorvik,0,NO,1567628283,81,64.86,11.24,51.8,11.41
282,Gewane,7,ET,1567628116,41,10.16,40.66,87.71,10.65
283,Torbay,90,CA,1567628100,93,47.66,-52.73,68.0,11.41
284,Morwell,78,AU,1567628283,97,-38.24,146.4,48.0,1.01
285,Baglan,75,GB,1567628283,71,51.62,-3.81,60.01,18.34
286,Juneau,75,US,1567628107,82,58.3,-134.42,61.0,1.34
287,Turukhansk,54,RU,1567628284,89,65.8,87.96,41.81,6.29
288,Coquimbo,100,CL,1567627913,87,-29.95,-71.34,52.97,9.8
289,Nago,5,IT,1567628284,73,45.88,10.89,73.4,1.12
290,Caravelas,0,BR,1567628284,82,-17.73,-39.27,73.85,11.3
291,Xuddur,16,SO,1567628284,68,4.12,43.89,75.29,19.06
292,Victoria,75,BN,1567628073,88,5.28,115.24,78.8,3.87
293,Pangai,75,TO,1567628284,88,-19.8,-174.35,75.2,10.29
294,Kruisfontein,100,ZA,1567628124,90,-34.0,24.73,54.05,3.33
295,Comarapa,100,BO,1567628285,48,-17.91,-64.53,68.63,7.4
296,Pangnirtung,75,CA,1567628123,93,66.15,-65.72,44.6,11.41
297,Ribeira Grande,20,PT,1567628082,73,38.52,-28.7,73.4,12.75
298,Katsuura,75,JP,1567628096,94,33.93,134.5,77.0,9.17
299,Wilkie,90,CA,1567628285,87,52.41,-108.71,68.0,5.82
300,Eureka,20,US,1567627952,77,40.8,-124.16,70.0,13.87
301,Cockburn Town,40,TC,1567628285,66,21.46,-71.14,87.8,17.22
302,Erenhot,100,CN,1567628285,22,43.65,111.97,71.33,6.2
303,Pundaguitan,100,PH,1567628285,85,6.37,126.17,80.87,12.71
304,Srednekolymsk,7,RU,1567628285,55,67.46,153.71,47.75,9.69
305,Laem Sing,100,TH,1567628286,78,12.48,102.07,84.0,17.34
306,Puerto Escondido,20,MX,1567628286,70,15.86,-97.07,86.0,10.29
307,Sivani,100,IN,1567628286,92,22.09,79.55,74.75,3.49
308,Lucea,40,JM,1567628286,74,18.44,-78.17,87.8,13.87
309,Khandyga,0,RU,1567628286,87,62.65,135.58,37.85,0.92
310,Sokolo,31,ML,1567628094,54,14.74,-6.12,86.45,8.03
311,Maceio,75,BR,1567628110,73,-9.67,-35.74,77.0,8.05
312,Koppies,43,ZA,1567628287,12,-27.24,27.57,55.67,8.14
313,Zhigansk,99,RU,1567627924,78,66.77,123.37,36.41,5.41
314,Kijang,75,KR,1567628102,94,35.24,129.21,73.4,4.7
315,Mecca,89,SA,1567628107,59,21.43,39.83,84.47,5.26
316,Strelka,66,RU,1567628287,97,58.08,93.03,41.81,3.29
317,Prudentopolis,100,BR,1567628287,83,-25.21,-50.98,61.79,1.83
318,Santander Jimenez,100,MX,1567628287,83,24.22,-98.47,80.87,4.99
319,Sistranda,75,NO,1567628287,76,63.73,8.83,54.0,6.93
320,Zhuhai,0,CN,1567628288,58,40.71,112.04,57.2,4.47
321,Vega de Alatorre,0,MX,1567628288,47,20.03,-96.65,92.57,6.6
322,Teya,75,MX,1567628288,47,21.05,-89.07,96.8,4.7
323,Bahia Blanca,89,AR,1567628129,54,-38.72,-62.27,43.79,11.45
324,Salalah,75,OM,1567628091,88,17.01,54.1,80.6,2.24
325,Kavieng,100,PG,1567628039,76,-2.57,150.8,81.95,8.59
326,Kappeln,75,DE,1567628288,93,54.66,9.93,61.0,8.05
327,San Felipe,100,CL,1567628288,33,-32.75,-70.73,70.0,3.0
328,Parkes,0,AU,1567628288,71,-33.14,148.18,48.0,4.36
329,Peleduy,72,RU,1567628122,85,59.63,112.75,45.23,4.23
330,Minot,1,US,1567628289,44,48.23,-101.3,78.01,8.05
331,Mondeville,0,FR,1567628289,71,49.18,-0.32,60.8,10.29
332,Ostrovnoy,100,RU,1567628054,83,68.05,39.51,51.17,13.29
333,Itarema,34,BR,1567628289,73,-2.92,-39.92,77.45,12.53
334,Saint-Augustin,75,CA,1567628108,60,45.63,-73.98,73.99,14.99
335,Mnogovershinnyy,100,RU,1567628289,92,53.94,139.92,53.33,1.66
336,Preobrazheniye,100,RU,1567628290,80,42.9,133.91,61.07,1.28
337,Jalu,0,LY,1567628109,63,29.03,21.55,79.61,17.47
338,Damghan,0,IR,1567628290,81,36.17,54.34,52.25,2.55
339,Aksarka,37,RU,1567628109,91,66.56,67.8,47.75,5.53
340,Marquette,5,US,1567628241,51,46.54,-87.4,62.01,8.05
341,Khatanga,100,RU,1567628084,63,71.98,102.47,34.79,5.73
342,Narva-Joesuu,33,EE,1567628290,82,59.46,28.04,58.01,12.17
343,Adeje,100,NG,1567628290,86,5.68,5.76,78.35,8.46
344,Flinders,40,AU,1567628089,87,-34.58,150.85,60.01,1.12
345,Pittsburg,1,US,1567628013,29,38.02,-121.89,96.01,5.82
346,Mtwara,20,TZ,1567628291,94,-10.28,40.18,73.4,9.17
347,Serenje,0,ZM,1567628093,49,-13.23,30.22,60.53,8.72
348,Nachalovo,0,RU,1567628291,45,46.34,48.19,62.6,4.21
349,Kendari,100,ID,1567628291,96,-3.99,122.52,68.45,2.37
350,Saint Anthony,1,US,1567628127,25,43.97,-111.68,88.0,10.29
351,Qaqortoq,75,GL,1567628291,66,60.72,-46.03,51.8,13.87
352,Jurmala,0,LV,1567628291,93,56.97,23.77,50.0,1.12
353,Avanigadda,100,IN,1567628292,86,16.02,80.92,76.91,8.93
354,Pedernales,88,EC,1567628292,87,0.07,-80.05,70.79,16.64
355,Silopi,0,IQ,1567628292,20,37.25,42.47,70.43,1.63
356,Calamar,100,CO,1567628292,53,1.96,-72.65,88.25,2.89
357,Cidreira,0,BR,1567628057,54,-30.17,-50.22,52.07,8.86
358,Laurel,5,US,1567628166,49,39.1,-76.85,95.0,4.7
359,Colares,20,PT,1567628292,68,38.8,-9.45,78.8,19.46
360,Russell,1,US,1567628292,51,38.9,-98.86,95.0,11.41
361,Parakou,93,BJ,1567628293,93,9.34,2.63,73.31,1.57
362,Alice Springs,0,AU,1567628293,12,-23.7,133.88,57.2,3.36
363,Chuy,32,UY,1567628066,67,-33.69,-53.46,45.77,14.97
364,Rocha,53,UY,1567628122,75,-34.48,-54.34,41.63,8.32
365,Margate,90,AU,1567628293,80,-43.03,147.26,45.0,3.36
366,Ust-Maya,19,RU,1567628293,95,60.42,134.54,43.97,2.84
367,Narbonne,0,FR,1567628293,27,43.18,3.0,80.6,12.75
368,Terney,100,RU,1567628294,78,45.05,136.61,60.17,4.16
369,Tonota,0,BW,1567628294,22,-21.44,27.46,57.2,2.24
370,Tiksi,97,RU,1567628038,92,71.64,128.87,41.81,10.4
371,Nuuk,75,GL,1567628076,65,64.17,-51.74,44.6,25.28
372,Bayir,0,TR,1567628294,73,37.27,28.22,77.0,4.7
373,Smithers,75,CA,1567627911,72,54.78,-127.17,62.6,2.24
374,Tatarsk,0,RU,1567628294,90,55.22,75.96,43.79,3.56
375,Lasa,20,CY,1567628294,78,34.92,32.53,78.8,3.36
376,Mayo,75,CA,1567628294,51,63.59,-135.9,59.0,9.17
377,Tokonou,100,GN,1567628295,97,9.65,-9.78,71.33,3.22
378,Nebolchi,0,RU,1567628295,97,59.12,33.35,50.27,4.88
379,Riyadh,0,SA,1567628295,21,24.63,46.72,95.0,2.24
380,Manaia,1,BR,1567628295,36,-5.02,-39.08,86.09,4.74
381,Vardo,40,US,1567628126,49,39.62,-77.74,93.0,8.05
382,Kant,40,KG,1567628295,51,42.89,74.85,62.6,6.71
383,Sobolevo,0,RU,1567628295,90,54.43,31.9,51.53,3.56
384,Lock Haven,20,US,1567628205,48,41.14,-77.45,86.0,12.75
385,Yerofey Pavlovich,95,RU,1567628045,96,53.97,121.97,47.57,2.48
386,Nelson,0,CA,1567628296,30,49.49,-117.29,81.0,1.01
387,Lavrentiya,100,RU,1567628107,96,65.58,-170.99,45.41,8.77
388,Iqaluit,90,CA,1567628111,70,63.75,-68.52,46.0,8.05
389,Vila,0,IT,1567628064,60,45.18,8.4,75.0,6.93
390,Santa Lucia,0,IT,1567628296,69,41.98,12.66,75.2,3.36
391,Tazovskiy,95,RU,1567628117,95,67.47,78.7,45.23,5.3
392,Umm Lajj,100,SA,1567628228,62,25.02,37.27,86.27,13.31
393,Fortuna,0,ES,1567628296,73,38.18,-1.13,81.0,1.12
394,Lata,94,IN,1567628060,94,30.78,78.62,42.53,1.99
395,Oktyabrskiy,0,RU,1567628297,59,55.61,37.97,66.99,4.47
396,Tautira,40,PF,1567628105,74,-17.73,-149.15,82.0,2.24
397,Gimli,100,CA,1567628060,39,50.63,-96.99,75.0,8.99
398,Lima,90,PE,1567628022,72,-12.06,-77.04,66.2,10.29
399,Itupiranga,20,BR,1567628297,44,-5.13,-49.33,96.8,9.17
400,Kokopo,100,PG,1567628297,94,-4.34,152.27,70.07,2.48
401,Gannan,0,CN,1567628297,64,47.92,123.49,64.67,4.41
402,Amalapuram,100,IN,1567628297,95,16.58,82.0,75.11,14.14
403,Port Macquarie,19,AU,1567628084,71,-31.43,152.91,53.6,6.93
404,Khani,75,GE,1567628298,94,41.96,42.96,68.0,2.24
405,Hasaki,75,JP,1567628047,100,35.73,140.83,71.6,5.82
406,Krasnyy Chikoy,0,RU,1567628298,95,50.36,108.75,49.37,2.21
407,Grafenau,0,DE,1567628298,62,48.86,13.39,62.01,3.0
408,Siparia,40,TT,1567628299,79,10.14,-61.51,84.2,6.93
409,La Libertad,75,PE,1567628299,13,-16.38,-71.56,68.0,11.41
410,Upata,100,VE,1567628069,71,8.02,-62.41,88.0,4.0
411,Mandalgovi,0,MN,1567628299,65,45.76,106.27,58.01,8.63
412,College,90,US,1567628093,76,64.86,-147.8,57.99,3.36
413,Derzhavinsk,100,KZ,1567628299,68,51.1,66.31,52.79,13.13
414,Klaksvik,1,FO,1567628046,75,62.23,-6.59,44.6,14.99
415,Cahors,0,FR,1567628299,39,44.45,1.44,68.0,1.01
416,Abonnema,77,NG,1567628299,87,4.71,6.79,77.27,7.31
417,Barra do Garcas,0,BR,1567628300,18,-15.89,-52.26,102.2,2.24
418,San Juan Bautista,90,PY,1567628300,54,-26.67,-57.15,64.85,10.49
419,Reconquista,0,AR,1567628300,46,-29.14,-59.64,58.91,9.98
420,Sao Joao da Barra,0,BR,1567628095,61,-21.64,-41.05,82.4,13.87
421,Vallenar,0,CL,1567628131,49,-28.58,-70.76,63.05,12.37
422,Lagoa,0,PT,1567628049,83,37.14,-8.45,77.0,8.05
423,Kayerkan,75,RU,1567628300,93,69.35,87.76,46.4,6.71
424,Padang,100,ID,1567628057,84,-0.92,100.36,80.87,16.24
425,Hengshui,0,CN,1567628301,68,37.73,115.7,63.59,2.13
426,Port Alfred,100,ZA,1567628042,94,-33.59,26.89,57.0,3.06
427,San Juan,0,AR,1567628136,25,-31.54,-68.53,42.53,6.62
428,Urucui,15,BR,1567628301,24,-7.23,-44.56,91.49,5.01
429,Mulege,0,MX,1567628301,59,26.88,-111.98,90.23,11.7
430,Wanning,0,AT,1567628301,68,48.64,13.53,64.4,1.12
431,Vredendal,47,ZA,1567628301,79,-31.68,18.49,57.83,26.93
432,Inirida,73,CO,1567628301,58,3.87,-67.92,89.87,2.64
433,Mildura,37,AU,1567628302,54,-34.18,142.16,57.2,6.93
434,Naze,100,NG,1567628076,94,5.43,7.07,75.11,5.44
435,Hidalgo,90,US,1567628302,79,26.1,-98.26,84.99,18.34
436,Sao Filipe,51,CV,1567628097,85,14.9,-24.5,80.87,13.76
437,Quimper,75,FR,1567628302,82,48.0,-4.1,59.0,6.93
438,Simbahan,37,PH,1567628302,81,6.3,120.58,81.77,10.13
439,Calabar,100,NG,1567628302,96,4.98,8.34,74.57,3.85
440,Cayenne,80,GF,1567628063,66,4.94,-52.33,87.8,14.99
441,Dolores,0,UY,1567628302,47,-33.53,-58.22,53.01,14.0
442,El Reno,1,US,1567628303,36,35.53,-97.96,95.0,13.87
443,Harbour Breton,66,CA,1567628303,87,47.48,-55.8,61.97,3.18
444,Kabansk,9,RU,1567628303,100,52.06,106.65,50.0,2.24
445,Portland,90,US,1567628041,94,43.66,-70.25,73.99,10.29
446,Gilbues,0,BR,1567628216,23,-9.83,-45.34,88.25,5.97
447,Rundu,15,NA,1567628062,31,-17.91,19.77,75.2,2.24
448,Karratha,0,AU,1567628084,36,-20.74,116.85,64.85,13.02
449,Camacha,40,PT,1567628304,73,33.08,-16.33,73.4,14.99
450,Luganville,75,VU,1567628304,93,-15.51,167.18,60.8,3.36
451,Hami,99,CN,1567628087,20,42.84,93.51,74.39,4.29
452,Malanje,94,AO,1567628304,64,-9.54,16.35,71.87,7.18
453,Yar-Sale,46,RU,1567628075,94,66.83,70.83,46.67,6.73
454,Conakry,100,GN,1567628258,84,9.52,-13.7,78.53,18.41
455,Visnes,75,NO,1567628131,76,59.36,5.22,55.99,16.11
456,Havoysund,75,NO,1567628300,76,71.0,24.66,51.8,14.99
457,Alamos,61,AR,1567628304,33,-36.9,-62.36,49.01,6.33
458,Innisfail,9,AU,1567628305,57,-17.52,146.03,58.19,4.18
459,Dayong,40,CN,1567628305,83,25.02,118.29,80.6,6.71
460,Lebedinyy,40,RU,1567628305,93,58.52,125.52,40.19,4.0
461,Kushiro,100,JP,1567628305,91,43.11,144.15,57.47,1.52
462,Vila Velha,20,BR,1567628305,65,-3.71,-38.6,86.0,12.75
463,Alofi,100,NU,1567628071,94,-19.06,-169.92,75.2,10.29
464,Trairi,18,BR,1567628305,72,-3.28,-39.27,76.19,6.51
465,Nemuro,67,JP,1567628048,79,43.32,145.57,61.97,12.77
466,Saldanha,2,PT,1567628083,42,41.42,-6.55,73.13,6.96
467,Oranjemund,97,ZA,1567628073,89,-28.55,16.43,56.21,17.52
468,Nampa,1,US,1567628306,28,43.57,-116.56,89.01,4.7
469,Riachao,77,BR,1567628306,24,-7.36,-46.62,94.01,3.96
470,San Lorenzo,20,HN,1567628306,52,13.43,-87.45,93.2,4.7
471,Gat,75,SN,1567628306,94,14.69,-16.54,77.0,13.87
472,Balabac,53,PH,1567628306,72,7.99,117.06,80.15,2.8
473,Tvoroyri,0,FO,1567628306,75,61.56,-6.81,44.6,14.99
474,Santa Maria,0,BR,1567628131,15,-16.02,-48.01,91.4,12.75
475,Viedma,94,AR,1567628076,52,-40.81,-62.99,42.89,9.17
476,General Roca,0,AR,1567628121,23,-39.03,-67.58,50.0,13.87
477,Sitka,0,US,1567628066,38,37.17,-99.65,93.0,15.01
478,Pevek,0,RU,1567628066,79,69.7,170.27,39.29,6.08
479,Narrabri,0,AU,1567628307,37,-30.33,149.78,51.01,5.82
480,Gazimurskiy Zavod,100,RU,1567628307,97,51.55,118.33,52.61,1.61
481,Aklavik,90,CA,1567628075,93,68.22,-135.01,51.8,3.36
482,Tadine,0,NC,1567628307,70,-21.55,167.88,68.63,22.66
483,Brokopondo,20,SR,1567628307,47,5.06,-54.98,95.0,8.05
484,Bundaberg,0,AU,1567628307,76,-24.87,152.35,53.01,1.12
485,Ambam,94,CM,1567628308,99,2.38,11.27,69.71,2.59
486,Zhigalovo,100,RU,1567628308,90,54.81,105.15,50.81,1.34
487,Kostomuksha,84,RU,1567628308,89,64.59,30.6,51.71,6.73
488,Christchurch,100,NZ,1567627967,100,-43.53,172.64,50.0,10.29
489,Sarh,0,TD,1567628308,88,9.14,18.39,75.2,1.88
490,Soure,0,PT,1567628308,82,40.06,-8.63,69.01,6.93
491,Evensk,0,RU,1567628309,64,61.92,159.24,48.11,2.64
492,Avera,40,US,1567628044,59,33.19,-82.53,93.0,9.17
493,Virginia Beach,1,US,1567628268,55,36.85,-75.98,91.0,11.41
494,Majene,85,ID,1567628110,85,-3.54,118.97,78.17,22.12
495,Tongliao,66,CN,1567628309,92,43.61,122.27,63.95,8.05
496,Bambanglipuro,13,ID,1567628309,83,-7.95,110.28,73.31,13.15
497,Kozhevnikovo,81,RU,1567628309,95,56.26,83.98,42.71,1.36
498,Ayaviri,91,PE,1567628309,29,-14.88,-70.59,54.41,11.92
499,Port Hedland,0,AU,1567628310,93,-20.31,118.58,64.4,9.17
500,Cochabamba,75,BO,1567628044,23,-17.39,-66.16,75.2,11.41
501,Ulaangom,100,MN,1567628123,66,49.98,92.07,56.39,11.43
502,Matongo,69,BI,1567628310,69,-3.07,29.61,60.71,1.1
503,Agadez,1,NE,1567628118,32,16.97,7.99,95.0,9.19
504,Iracoubo,99,GF,1567628310,75,5.48,-53.21,81.59,9.91
505,Airai,34,TL,1567628119,81,-8.93,125.41,65.93,4.25
506,Estevan,90,CA,1567628311,50,49.14,-102.99,80.6,10.29
507,Robertsport,100,LR,1567628123,92,6.75,-11.37,76.55,8.61
508,Santa Isabel do Rio Negro,3,BR,1567628311,47,-0.41,-65.02,93.29,2.66
509,Itoman,75,JP,1567628109,78,26.12,127.67,82.4,16.11
510,Newport,20,US,1567628311,83,41.49,-71.31,82.4,11.41
511,Melinesti,0,RO,1567628311,56,44.57,23.72,73.0,14.99
512,Xinmin,0,CN,1567628311,100,42.0,122.83,66.2,6.71
513,Seymchan,100,RU,1567628312,73,62.93,152.39,50.81,4.32
514,Moose Factory,1,CA,1567628312,38,51.26,-80.61,60.8,9.17
515,Zaragoza,40,SV,1567628184,62,13.59,-89.29,86.0,10.29
516,Kloulklubed,75,PW,1567628312,94,7.04,134.26,77.0,5.82
517,Shimsk,0,RU,1567628312,90,58.21,30.71,52.25,4.63
518,Jalalpur Pirwala,42,PK,1567628312,42,29.5,71.22,94.73,11.45
519,Shingu,100,JP,1567628313,96,33.72,135.99,67.19,6.33
520,Ulagan,100,RU,1567628313,97,50.63,87.96,35.87,2.19
521,Honningsvag,75,NO,1567628035,66,70.98,25.97,51.8,5.82
522,Noumea,75,NC,1567628113,77,-22.28,166.46,72.0,1.12
523,Nyurba,99,RU,1567628062,95,63.29,118.35,49.55,6.02
524,Robertson,40,AU,1567628313,87,-34.59,150.59,55.99,1.12
525,Troy,1,US,1567628313,50,42.73,-73.69,80.01,10.29
526,Mizdah,13,LY,1567628313,64,31.45,12.98,72.41,4.54
527,Seoul,75,KR,1567628314,106,37.57,126.98,73.4,1.12
528,Pali,40,IN,1567628314,70,25.77,73.33,87.17,8.66
529,Kiruna,84,SE,1567628172,75,67.86,20.23,44.6,8.05
530,Suluq,6,LY,1567628314,72,31.67,20.25,79.61,9.98
531,Kudahuvadhoo,88,MV,1567628314,76,2.67,72.89,83.03,10.49
532,Santa Rosalia,8,MX,1567628314,25,31.87,-112.87,104.0,7.63
533,Allapalli,100,IN,1567628315,97,19.43,80.06,75.29,2.73
534,Naukot,0,PK,1567628315,71,26.04,69.12,87.17,14.63
535,Klyuchi,43,RU,1567628315,73,52.25,79.17,48.11,4.29
536,Narsipatnam,90,IN,1567628315,94,17.67,82.61,78.8,9.17
537,Togur,58,RU,1567628315,94,58.36,82.83,42.53,4.63
538,Kaeo,97,NZ,1567628057,100,-35.1,173.78,57.0,10.13
539,Aras,40,ES,1567628315,82,42.56,-2.36,62.6,6.93
540,Pangkalanbuun,100,ID,1567628316,98,-2.68,111.62,68.09,2.37
541,Alihe,100,CN,1567628316,97,50.57,123.73,57.65,1.99
542,Orimattila,20,FI,1567628316,82,60.8,25.73,57.2,8.05
543,Jamui,87,IN,1567628316,85,24.93,86.23,81.59,6.78
544,Beringovskiy,100,RU,1567628090,90,63.05,179.32,44.33,3.6
545,Palenque,75,MX,1567628316,53,17.51,-91.98,95.0,12.75
546,Nantucket,40,US,1567628123,74,41.28,-70.1,80.6,18.34
547,Ryabovo,7,RU,1567628317,77,60.34,28.99,57.99,5.99
548,Menongue,0,AO,1567628317,24,-14.66,17.68,62.69,2.84
549,Kirkenaer,90,NO,1567628317,93,60.46,12.06,55.4,1.12
550,Wufeng,100,CN,1567628092,99,27.44,104.87,61.07,1.92
551,Gambo,98,CF,1567628317,98,4.65,22.26,68.09,1.95
552,Sakhnovshchyna,100,UA,1567628317,93,49.15,35.87,60.71,6.6
553,Nome,40,US,1567628134,41,30.04,-94.42,97.0,5.82
554,Berlevag,40,NO,1567628134,71,70.86,29.09,53.6,16.11
555,Chara,20,GR,1567628318,41,39.42,22.43,75.2,3.36
556,Mattru,100,SL,1567628318,96,7.62,-11.83,74.75,3.44
557,Pokaran,54,IN,1567628318,56,26.93,71.92,92.03,6.96
558,Ulladulla,40,AU,1567628089,87,-35.36,150.48,50.0,1.12
559,Lakatoro,30,VU,1567628318,55,-16.11,167.42,74.39,9.71
560,Black River,40,JM,1567628134,74,18.03,-77.85,87.8,13.87
561,Krasnoborsk,0,RU,1567628318,93,61.56,45.93,50.63,6.26
562,Tabou,90,CI,1567628132,94,4.42,-7.36,74.03,3.94
563,Blagoyevo,0,RU,1567628120,94,63.37,47.92,50.81,5.59
564,Kundiawa,100,PG,1567628319,99,-6.02,144.97,53.69,1.7
565,Nisia Floresta,75,BR,1567628319,83,-6.09,-35.21,77.0,12.75
566,Abu Kamal,0,SY,1567628319,24,34.45,40.92,78.89,4.81
567,Vilyuysk,100,RU,1567628319,97,63.75,121.63,47.03,6.96
568,Tulu Bolo,0,ET,1567628319,88,8.66,38.21,56.39,1.16
569,Polson,1,US,1567628319,19,47.69,-114.16,82.99,8.05
570,Frontera,40,MX,1567628319,44,18.53,-92.64,95.0,11.41
571,Jalna,100,IN,1567628320,92,19.84,75.88,72.23,10.16
572,Sept-Iles,90,CA,1567628072,100,50.2,-66.38,52.0,14.99
